,precision,recall,f1-score,support
low risk,0.868421052631579,0.8148148148148148,0.8407643312101911,81.0
mid risk,0.7941176470588235,0.8059701492537313,0.8,67.0
high risk,0.8983050847457628,0.9636363636363636,0.9298245614035088,55.0
accuracy,0.8522167487684729,0.8522167487684729,0.8522167487684729,0.8522167487684729
macro avg,0.853614594812055,0.8614737759016365,0.8568629642045668,203.0
weighted avg,0.851993927473478,0.8522167487684729,0.8514397128335885,203.0
